{"_timestamp":1.7592031531508803e+09,"grpo_iter":1,"average_reward":1.7999999523162842,"step":500,"loss":0.004750491119921207,"_runtime":3907,"iteration":1,"_wandb":{"runtime":3907},"_step":499}